Date,Away,AS,Home,HS,OT,Detail Path,Game Type,Detail Data,Rand
2009-12-06,PHX,88,LAL,108,N,phx-vs-lal-0020900295,regular,1,6
2006-09-08,No Games,-,No Games,-,-,-,-,2,5
1995-06-16,No Games,-,No Games,-,-,-,-,2,0
1999-12-27,MIN,107,ORL,105,N,min-vs-orl-0029900390,regular,1,8
2018-04-03,WAS,104,HOU,120,N,was-vs-hou-0021701161,regular,1,9
1996-04-11,CLE,101,NYK,97,N,cle-vs-nyk-0029501109,regular,1,2
2000-10-03,No Games,-,No Games,-,-,-,-,2,6
2021-03-04,LAC,117,WAS,119,N,lac-vs-was-0022000554,regular,1,0
2006-07-26,No Games,-,No Games,-,-,-,-,2,7
1997-10-06,No Games,-,No Games,-,-,-,-,2,3
2005-08-08,No Games,-,No Games,-,-,-,-,2,6
1996-02-21,NYK,113,DET,110,N,nyk-vs-det-0029500744,regular,1,4
2004-04-16,No Games,-,No Games,-,-,-,-,2,2
2008-03-03,PHI,106,LAC,80,N,phi-vs-lac-0020700888,regular,1,7
2004-12-09,SEA,107,DAL,102,N,sea-vs-dal-0020400274,regular,1,0
2002-08-16,No Games,-,No Games,-,-,-,-,2,6
2003-03-01,CHI,93,WAS,101,N,chi-vs-was-0020200845,regular,1,1
2006-12-02,CLE,63,HOU,81,N,cle-vs-hou-0020600239,regular,1,3
1995-12-30,SEA,123,PHX,112,N,sea-vs-phx-0029500403,regular,1,1
2004-12-31,SAS,98,LAC,79,N,sas-vs-lac-0020400425,regular,1,7
2012-01-11,OKC,95,NOH,85,N,okc-vs-noh-0021100148,regular,1,3
2023-01-20,MEM,121,LAL,122,N,mem-vs-lal-0022200690,regular,1,5
2018-09-05,No Games,-,No Games,-,-,-,-,2,3
2002-10-31,POR,72,SAC,100,N,por-vs-sac-0020200020,regular,1,3
1996-11-30,CHI,97,SAS,88,N,chi-vs-sas-0029600216,regular,1,8
2018-04-09,NOP,113,LAC,100,N,nop-vs-lac-0021701212,regular,1,8
2022-01-01,LAC,120,BKN,116,N,lac-vs-bkn-0022100542,regular,1,2
2019-12-20,SAC,105,IND,119,N,sac-vs-ind-0021900421,regular,1,5
2009-09-26,No Games,-,No Games,-,-,-,-,2,6
2001-03-11,LAC,93,DAL,111,N,lac-vs-dal-0020000909,regular,1,2
2011-01-09,GSW,91,LAC,105,N,gsw-vs-lac-0021000545,regular,1,2
2008-04-07,No Games,-,No Games,-,-,-,-,2,8
2001-10-19,PHX,-,LAL,-,N,phx-vs-lal-0010100064,preseason,2,9
2000-03-20,LAL,100,MIA,89,N,lal-vs-mia-0029900955,regular,1,4
2015-07-28,No Games,-,No Games,-,-,-,-,2,4
2008-02-08,CLE,100,ATL,95,N,cle-vs-atl-0020700730,regular,1,4
2018-02-04,MEM,86,TOR,101,N,mem-vs-tor-0021700787,regular,1,4
2021-01-20,ORL,97,MIN,96,N,orl-vs-min-0022000221,regular,1,0
2007-12-08,MEM,78,ATL,86,N,mem-vs-atl-0020700288,regular,1,1
2010-11-20,MIA,95,MEM,97,N,mia-vs-mem-0021000185,regular,1,7
2016-04-22,CLE,101,DET,91,N,cle-vs-det-0041500103,playoffs,1,2
1997-12-23,DAL,85,CLE,99,N,dal-vs-cle-0029700374,regular,1,7
2005-07-04,No Games,-,No Games,-,-,-,-,2,7
1999-03-26,CHI,81,ATL,93,N,chi-vs-atl-0029800390,regular,1,5
2008-01-19,NYK,88,MIA,84,N,nyk-vs-mia-0020700587,regular,1,0
2013-03-27,WAS,80,OKC,103,N,was-vs-okc-0021201065,regular,1,0
2018-05-06,HOU,100,UTA,87,N,hou-vs-uta-0041700224,playoffs,1,0
1996-03-25,SAN,95,NJN,88,N,san-vs-njn-0029500982,regular,1,2
1996-01-05,POR,96,MIL,113,N,por-vs-mil-0029500439,regular,1,6
2010-10-30,SAC,107,CLE,104,N,sac-vs-cle-0021000032,regular,1,7
2017-01-08,CLE,120,PHX,116,N,cle-vs-phx-0021600565,regular,1,8
2001-10-12,BOS,-,DAL,-,N,bos-vs-dal-0010100024,preseason,2,0
2017-03-01,WAS,105,TOR,96,N,was-vs-tor-0021600896,regular,1,4
2012-10-01,No Games,-,No Games,-,-,-,-,2,9
2005-12-31,SAS,98,DEN,88,N,sas-vs-den-0020500431,regular,1,7
2021-09-24,No Games,-,No Games,-,-,-,-,2,4
2009-01-26,POR,113,LAC,88,N,por-vs-lac-0020800661,regular,1,0
2020-02-01,MIN,106,LAC,118,N,min-vs-lac-0021900727,regular,1,3
2016-11-08,DAL,109,LAL,97,N,dal-vs-lal-0021600104,regular,1,0
2021-12-13,PHX,95,LAC,111,N,phx-vs-lac-0022100412,regular,1,7
2023-03-08,TOR,100,LAC,108,N,tor-vs-lac-0022200991,regular,1,0
1996-04-08,MIA,99,WAS,111,N,mia-vs-was-0029501090,regular,1,8
2017-03-02,GSW,87,CHI,94,N,gsw-vs-chi-0021600906,regular,1,6
2000-12-03,POR,79,PHX,84,N,por-vs-phx-0020000245,regular,1,9
2016-12-20,BKN,104,TOR,116,N,bkn-vs-tor-0021600420,regular,1,3
1997-04-01,HOU,116,DEN,99,N,hou-vs-den-0029601044,regular,1,2
2013-01-05,BOS,89,ATL,81,N,bos-vs-atl-0021200489,regular,1,4
2015-01-16,LAL,85,UTA,94,N,lal-vs-uta-0021400597,regular,1,8
2017-11-25,TOR,112,ATL,78,N,tor-vs-atl-0021700280,regular,1,2
2017-01-05,SAS,127,DEN,99,N,sas-vs-den-0021600543,regular,1,7
2007-01-07,WAS,111,TOR,116,N,was-vs-tor-0020600498,regular,1,8
2005-12-15,SAS,90,MIN,88,N,sas-vs-min-0020500320,regular,1,0
1995-04-11,ATL,110,PHL,106,N,atl-vs-phl-0029401016,regular,1,7
2014-01-27,ATL,109,OKC,111,N,atl-vs-okc-0021300666,regular,1,7
1996-11-24,HOU,90,LAL,85,N,hou-vs-lal-0029600173,regular,1,4
2001-12-14,SAS,105,PHX,93,N,sas-vs-phx-0020100319,regular,1,1
1997-10-01,No Games,-,No Games,-,-,-,-,2,8
2020-02-08,DEN,117,PHX,108,N,den-vs-phx-0021900784,regular,1,3
2019-12-31,CLE,97,TOR,117,N,cle-vs-tor-0021900500,regular,1,9
2022-10-23,UTA,122,NOP,1121,Y,uta-vs-nop-0022200040,regular,1,0
2006-03-13,DEN,108,NYK,96,N,den-vs-nyk-0020500937,regular,1,7
2014-02-08,MIA,89,UTA,94,N,mia-vs-uta-0021300755,regular,1,8
2016-04-10,UTA,100,DEN,84,N,uta-vs-den-0021501198,regular,1,7
2002-05-09,NJN,97,CHH,115,N,njn-vs-chh-0040100203,playoffs,1,2
2013-07-19,No Games,-,No Games,-,-,-,-,2,8
2010-02-06,LAL,99,POR,82,N,lal-vs-por-0020900750,regular,1,9
2017-01-17,HOU,103,MIA,109,N,hou-vs-mia-0021600623,regular,1,4
2015-11-15,DET,85,LAL,97,N,det-vs-lal-0021500151,regular,1,3
2020-02-15,No Games,-,No Games,-,-,-,-,2,6
2012-11-12,UTA,140,TOR,3133,Y,uta-vs-tor-0021200095,regular,1,9
2015-04-25,MEM,115,POR,109,N,mem-vs-por-0041400173,playoffs,1,0
2019-10-24,ATL,117,DET,100,N,atl-vs-det-0021900014,regular,1,4
1998-09-25,No Games,-,No Games,-,-,-,-,2,0
2005-02-23,MIA,91,IND,93,Y,mia-vs-ind-0020400792,regular,1,1
2003-10-21,MEM,97,MIA,82,N,mem-vs-mia-0010300092,preseason,2,6
2020-01-13,ORL,114,SAC,112,N,orl-vs-sac-0021900596,regular,1,4
2015-12-31,PHX,106,OKC,110,N,phx-vs-okc-0021500488,regular,1,3
2002-03-15,DEN,102,ORL,124,N,den-vs-orl-0020100928,regular,1,0
2021-12-17,MIL,112,NOP,116,Y,mil-vs-nop-0022100438,regular,1,6
2005-10-26,CLE,100,BOS,101,N,cle-vs-bos-0010500103,preseason,1,0
2010-01-22,LAL,115,NYK,105,N,lal-vs-nyk-0020900632,regular,1,0
2003-11-19,CLE,95,WAS,106,N,cle-vs-was-0020300153,regular,1,8
2002-10-18,LAC,-,CHI,-,N,lac-vs-chi-0010200061,preseason,2,5
2007-04-16,BOS,91,MIA,89,N,bos-vs-mia-0020601204,regular,1,1
2018-10-06,IND,104,MEM,109,N,ind-vs-mem-0011800041,preseason,2,3
2015-12-06,GSW,114,BKN,98,N,gsw-vs-bkn-0021500300,regular,1,2
2006-10-10,DAL,81,NOK,84,N,dal-vs-nok-0010600010,preseason,1,2
1996-09-30,No Games,-,No Games,-,-,-,-,2,0
2002-11-25,MIL,81,PHX,86,N,mil-vs-phx-0020200196,regular,1,2
2008-04-22,TOR,103,ORL,104,N,tor-vs-orl-0040700122,playoffs,1,2
2004-05-12,IND,88,MIA,100,N,ind-vs-mia-0040300204,playoffs,1,7
2018-12-28,CLE,94,MIA,118,N,cle-vs-mia-0021800521,regular,1,1
2004-03-24,MIL,89,GSW,98,N,mil-vs-gsw-0020301034,regular,1,9
2005-03-04,CHA,84,BOS,104,N,cha-vs-bos-0020400857,regular,1,0
1999-03-22,VAN,84,PHX,89,N,van-vs-phx-0029800364,regular,1,1
2022-10-07,TOR,100,HOU,116,N,tor-vs-hou-0012200032,preseason,1,4
2004-12-08,MEM,97,ATL,89,N,mem-vs-atl-0020400265,regular,1,5
2012-03-08,ORL,99,CHI,94,N,orl-vs-chi-0021100582,regular,1,6
2018-04-06,DAL,106,DET,113,Y,dal-vs-det-0021701181,regular,1,9
2011-02-01,HOU,106,LAL,114,Y,hou-vs-lal-0021000718,regular,1,1
2019-01-08,WAS,115,PHI,132,N,was-vs-phi-0021800600,regular,1,8
2000-01-17,ORL,100,GSW,113,N,orl-vs-gsw-0029900538,regular,1,1
2010-04-14,MEM,105,OKC,114,N,mem-vs-okc-0020901224,regular,1,4
1995-12-10,DET,82,LAL,87,N,det-vs-lal-0029500267,regular,1,5
2012-01-25,NOH,91,OKC,101,N,noh-vs-okc-0021100263,regular,1,4
2008-11-14,PHI,94,IND,92,N,phi-vs-ind-0020800121,regular,1,8
1998-03-20,SEA,80,LAL,93,N,sea-vs-lal-0029700967,regular,1,5
2000-04-12,LAC,93,UTA,102,N,lac-vs-uta-0029901128,regular,1,9
2012-11-27,MIN,97,SAC,89,N,min-vs-sac-0021200207,regular,1,4
2005-07-18,No Games,-,No Games,-,-,-,-,2,6
2006-11-08,DET,86,SAC,99,N,det-vs-sac-0020600068,regular,1,2
2014-02-05,DET,98,ORL,112,N,det-vs-orl-0021300733,regular,1,4
1999-02-05,CLE,83,ATL,100,N,cle-vs-atl-0029800005,regular,1,5
2001-09-22,No Games,-,No Games,-,-,-,-,2,7
2010-02-23,DET,101,SAC,89,N,det-vs-sac-0020900843,regular,1,0
2014-04-30,POR,98,HOU,108,N,por-vs-hou-0041300175,playoffs,1,1
2007-11-17,NYK,83,DEN,115,N,nyk-vs-den-0020700139,regular,1,0
2016-12-02,ORL,105,PHI,88,N,orl-vs-phi-0021600282,regular,1,8
2004-11-12,MIA,84,SAS,93,N,mia-vs-sas-0020400078,regular,1,2
2006-03-15,CHI,88,MIL,104,N,chi-vs-mil-0020500956,regular,1,6
2001-11-08,SAS,105,CHH,95,N,sas-vs-chh-0020100070,regular,1,7
2015-02-22,MEM,98,POR,92,N,mem-vs-por-0021400828,regular,1,0
2018-01-30,OKC,96,WAS,102,N,okc-vs-was-0021700744,regular,1,2
2014-06-10,SAS,111,MIA,92,N,sas-vs-mia-0041300403,playoffs,1,5
2000-09-11,No Games,-,No Games,-,-,-,-,2,5
2007-12-28,LAC,88,PHX,94,N,lac-vs-phx-0020700429,regular,1,2
1996-12-10,DAL,100,LAC,95,N,dal-vs-lac-0029600283,regular,1,4
2007-02-20,MEM,105,SEA,121,N,mem-vs-sea-0020600798,regular,1,9
2015-05-29,No Games,-,No Games,-,-,-,-,2,1
2005-07-13,No Games,-,No Games,-,-,-,-,2,3
2011-02-13,POR,105,DET,100,N,por-vs-det-0021000807,regular,1,5
2016-12-30,DAL,99,GSW,108,N,dal-vs-gsw-0021600501,regular,1,2
2003-06-05,No Games,-,No Games,-,-,-,-,2,3
2008-12-23,GSW,88,MIA,96,N,gsw-vs-mia-0020800414,regular,1,9
2008-04-24,CLE,72,WAS,108,N,cle-vs-was-0040700133,playoffs,1,8
2021-04-03,MIL,129,SAC,128,N,mil-vs-sac-0022000754,regular,1,3
2007-03-11,DEN,113,SAC,101,N,den-vs-sac-0020600938,regular,1,0
2007-01-16,CLE,96,SEA,101,N,cle-vs-sea-0020600567,regular,1,9
2004-04-14,DEN,67,SAS,93,N,den-vs-sas-0020301184,regular,1,2
2010-01-06,TOR,108,ORL,103,N,tor-vs-orl-0020900509,regular,1,8
2016-03-26,PHI,105,POR,108,N,phi-vs-por-0021501091,regular,1,3
2001-09-13,No Games,-,No Games,-,-,-,-,2,6
2018-06-16,No Games,-,No Games,-,-,-,-,2,6
2002-12-30,CLE,88,NJN,102,N,cle-vs-njn-0020200434,regular,1,0
2021-01-18,HOU,120,CHI,125,N,hou-vs-chi-0022000211,regular,1,3
1998-04-28,SEA,90,MIN,98,N,sea-vs-min-0049700021,playoffs,1,2
2001-10-09,DAL,-,PHI,-,N,dal-vs-phi-0010100006,preseason,2,8
2002-10-11,MIN,-,MIA,-,N,min-vs-mia-0010200030,preseason,2,2
2014-03-22,SAS,99,GSW,90,N,sas-vs-gsw-0021301038,regular,1,0
1998-02-27,ATL,88,SEA,90,N,atl-vs-sea-0029700816,regular,1,1
1999-11-12,UTA,92,SAC,105,N,uta-vs-sac-0029900080,regular,1,3
2003-03-04,HOU,83,DET,96,N,hou-vs-det-0020200866,regular,1,5
2008-02-15,NOR,51,HOR,50,N,nor-vs-hor-0030700003,regular,2,0
2020-12-17,GSW,113,SAC,105,N,gsw-vs-sac-0012000038,preseason,1,0
2001-05-21,LAL,88,SAS,81,N,lal-vs-sas-0040000070,playoffs,1,0
2005-01-29,BOS,101,CHI,97,N,bos-vs-chi-0020400643,regular,1,5
1997-12-07,DET,93,TOR,83,N,det-vs-tor-0029700258,regular,1,1
1998-05-10,IND,118,NYK,107,Y,ind-vs-nyk-0049700053,playoffs,1,6
2012-04-21,POR,89,MEM,93,N,por-vs-mem-0021100947,regular,1,5
2006-12-31,PHX,108,DET,101,N,phx-vs-det-0020600453,regular,1,0
2006-11-21,MEM,94,CLE,97,N,mem-vs-cle-0020600152,regular,1,9
2002-09-14,No Games,-,No Games,-,-,-,-,2,1
2018-11-07,SAS,88,MIA,95,N,sas-vs-mia-0021800156,regular,1,0
2008-12-23,OKC,88,ATL,99,N,okc-vs-atl-0020800409,regular,1,5
2018-11-10,PHX,99,NOP,119,N,phx-vs-nop-0021800176,regular,1,4
2022-11-18,MIA,106,WAS,1107,Y,mia-vs-was-0022200224,regular,1,9
2008-10-10,MOS,66,ORL,94,N,mos-vs-orl-0010800026,preseason,1,3
2018-12-04,SAS,105,UTA,139,N,sas-vs-uta-0021800354,regular,1,6
1997-10-29,No Games,-,No Games,-,-,-,-,2,0
2000-01-15,SAC,114,GSW,99,N,sac-vs-gsw-0029900525,regular,1,2
2004-08-05,No Games,-,No Games,-,-,-,-,2,2
1999-12-21,NJN,87,TOR,116,N,njn-vs-tor-0029900356,regular,1,7
2017-11-05,UTA,110,HOU,137,N,uta-vs-hou-0021700140,regular,1,2
2012-12-12,LAC,100,CHA,94,N,lac-vs-cha-0021200313,regular,1,5
2010-01-15,MIN,110,MEM,135,N,min-vs-mem-0020900576,regular,1,4
2004-03-07,MEM,95,GSW,85,N,mem-vs-gsw-0020300909,regular,1,2
2011-02-16,PHI,114,HOU,105,N,phi-vs-hou-0021000832,regular,1,1
2007-03-02,IND,90,PHX,115,N,ind-vs-phx-0020600877,regular,1,5
2003-07-17,No Games,-,No Games,-,-,-,-,2,8
2017-07-12,No Games,-,No Games,-,-,-,-,2,3
2005-12-23,LAL,104,ORL,88,N,lal-vs-orl-0020500372,regular,1,6
2011-12-26,MEM,82,SAS,95,N,mem-vs-sas-0021100013,regular,1,3
2017-01-28,BKN,109,MIN,129,N,bkn-vs-min-0021600710,regular,1,3
2007-11-04,UTA,109,LAL,119,N,uta-vs-lal-0020700042,regular,1,3
2022-10-10,PHX,105,DEN,107,N,phx-vs-den-0012200046,preseason,1,0
2019-12-25,BOS,118,TOR,102,N,bos-vs-tor-0021900455,regular,1,6
1997-02-23,NYK,127,LAL,2121,Y,nyk-vs-lal-0029600781,regular,1,8
1996-01-10,SEA,87,CHI,113,N,sea-vs-chi-0029500466,regular,1,0
2019-01-19,OKC,117,PHI,115,N,okc-vs-phi-0021800678,regular,1,4
2023-01-28,LAL,121,BOS,1125,Y,lal-vs-bos-0022200749,regular,1,7
2003-08-24,No Games,-,No Games,-,-,-,-,2,3
2009-11-14,DET,106,WAS,103,N,det-vs-was-0020900136,regular,1,2
2018-12-31,BOS,111,SAS,120,N,bos-vs-sas-0021800545,regular,1,7
2003-01-04,LAL,93,PHX,107,N,lal-vs-phx-0020200471,regular,1,9
1997-01-11,LAC,93,MIN,95,N,lac-vs-min-0029600495,regular,1,8
1995-11-25,UTH,91,DEN,94,N,uth-vs-den-0029500165,regular,1,4
2011-05-09,MIA,98,BOS,90,Y,mia-vs-bos-0041000214,playoffs,1,4
1997-12-21,POR,86,VAN,88,N,por-vs-van-0029700363,regular,1,3
2001-11-10,ATL,88,SAS,110,N,atl-vs-sas-0020100092,regular,1,3
2006-11-12,DAL,103,POR,96,N,dal-vs-por-0020600095,regular,1,8
2017-01-10,CLE,92,UTA,100,N,cle-vs-uta-0021600576,regular,1,7
2005-04-17,SEA,109,MIN,94,N,sea-vs-min-0020401195,regular,1,9
2005-04-17,ATL,139,NYK,135,Y,atl-vs-nyk-0020401199,regular,1,7
2021-10-29,CHA,99,MIA,114,N,cha-vs-mia-0022100073,regular,1,9
2006-06-08,MIA,80,DAL,90,N,mia-vs-dal-0040500401,playoffs,1,3
2002-02-23,LAC,88,IND,106,N,lac-vs-ind-0020100785,regular,1,4
2012-01-29,LAL,106,MIN,101,N,lal-vs-min-0021100297,regular,1,1
2012-01-07,CHA,77,IND,99,N,cha-vs-ind-0021100111,regular,1,4
2010-09-11,No Games,-,No Games,-,-,-,-,2,0
2010-01-09,IND,102,OKC,108,N,ind-vs-okc-0020900534,regular,1,9
2013-12-13,NYK,86,BOS,90,N,nyk-vs-bos-0021300333,regular,1,4
2019-03-15,SAC,114,PHI,123,N,sac-vs-phi-0021801027,regular,1,9
2007-02-21,MIA,102,HOU,112,N,mia-vs-hou-0020600807,regular,1,4
2019-10-27,CHA,101,LAL,120,N,cha-vs-lal-0021900040,regular,1,0
1999-12-27,ATL,104,CHH,108,N,atl-vs-chh-0029900391,regular,1,5
2015-12-23,OKC,120,LAL,85,N,okc-vs-lal-0021500435,regular,1,6
2004-12-14,NOH,93,CHA,94,Y,noh-vs-cha-0020400308,regular,1,3
2022-10-31,PHI,118,WAS,111,N,phi-vs-was-0022200097,regular,1,1
1998-04-03,MIN,93,CHI,107,N,min-vs-chi-0029701066,regular,1,8
2010-02-03,OKC,103,NOH,99,N,okc-vs-noh-0020900723,regular,1,9
2004-01-13,CLE,104,SEA,96,N,cle-vs-sea-0020300541,regular,1,5
2022-01-17,CHA,97,NYK,87,N,cha-vs-nyk-0022100655,regular,1,8
2019-02-16,No Games,-,No Games,-,-,-,-,2,2
2009-01-04,CLE,77,WAS,80,N,cle-vs-was-0020800496,regular,1,7
2014-12-23,DAL,115,PHX,124,N,dal-vs-phx-0021400425,regular,1,8
2006-02-19,EST,122,WST,120,N,est-vs-wst-0030500001,regular,1,0
2000-10-24,PHX,-,VAN,-,N,phx-vs-van-0010000095,preseason,2,3
2022-01-29,BOS,107,NOP,97,N,bos-vs-nop-0022100745,regular,1,9
2002-12-01,MIN,110,LAL,107,N,min-vs-lal-0020200243,regular,1,3
2017-12-27,MEM,109,LAL,99,N,mem-vs-lal-0021700515,regular,1,9
1999-03-29,VAN,98,LAL,116,N,van-vs-lal-0029800418,regular,1,1
2002-11-26,SAS,81,DEN,85,N,sas-vs-den-0020200201,regular,1,2
2019-01-13,HOU,109,ORL,116,N,hou-vs-orl-0021800641,regular,1,5
2012-04-01,GSW,112,LAL,120,N,gsw-vs-lal-0021100784,regular,1,0
2022-12-02,NOP,117,SAS,99,N,nop-vs-sas-0022200333,regular,1,1
2002-12-15,WAS,95,TOR,82,N,was-vs-tor-0020200337,regular,1,3
2019-08-02,No Games,-,No Games,-,-,-,-,2,9
1996-03-23,PHX,89,GOS,98,N,phx-vs-gos-0029500969,regular,1,6
2012-12-22,UTA,89,MIA,105,N,uta-vs-mia-0021200392,regular,1,9
1995-11-04,LAL,89,SEA,103,N,lal-vs-sea-0029500016,regular,1,8
2014-11-06,DAL,87,POR,108,N,dal-vs-por-0021400070,regular,1,0
2001-12-19,CLE,98,BOS,104,N,cle-vs-bos-0020100348,regular,1,0
2012-04-06,NOH,103,SAS,128,N,noh-vs-sas-0021100822,regular,1,0
2015-03-13,LAC,99,DAL,129,N,lac-vs-dal-0021400972,regular,1,8
2017-10-24,BKN,121,ORL,125,N,bkn-vs-orl-0021700050,regular,1,4
2014-01-24,SAS,105,ATL,79,N,sas-vs-atl-0021300635,regular,1,5
2020-12-16,CHI,124,OKC,103,N,chi-vs-okc-0012000029,preseason,1,9
2010-11-26,PHI,90,MIA,99,N,phi-vs-mia-0021000226,regular,1,0
2023-03-14,DET,-,WAS,-,N,det-vs-was-0022201028,regular,0,8
2000-03-02,SEA,83,MIA,101,N,sea-vs-mia-0029900825,regular,1,3
2010-04-02,NYK,117,GSW,128,N,nyk-vs-gsw-0020901130,regular,1,8
2008-04-20,TOR,100,ORL,114,N,tor-vs-orl-0040700121,playoffs,1,7
2001-10-26,WAS,-,BOS,-,N,was-vs-bos-0010100100,preseason,2,6
2015-04-19,BOS,100,CLE,113,N,bos-vs-cle-0041400111,playoffs,1,7
2014-11-15,SAS,91,SAC,94,N,sas-vs-sac-0021400139,regular,1,4
2017-12-12,PHI,118,MIN,112,Y,phi-vs-min-0021700401,regular,1,3
2006-03-13,ORL,83,IND,97,N,orl-vs-ind-0020500936,regular,1,8
2017-03-01,IND,99,SAS,100,N,ind-vs-sas-0021600902,regular,1,4
2018-03-19,GSW,75,SAS,89,N,gsw-vs-sas-0021701056,regular,1,1
2009-10-16,PHI,113,PHX,115,N,phi-vs-phx-0010900069,preseason,1,1
2014-02-21,NYK,121,ORL,2129,Y,nyk-vs-orl-0021300816,regular,1,2
2016-12-15,CHI,97,MIL,108,N,chi-vs-mil-0021600384,regular,1,4
2011-02-02,MIL,77,PHX,92,N,mil-vs-phx-0021000727,regular,1,1
1996-10-16,LAC,-,ATL,-,N,lac-vs-atl-0019600039,preseason,2,6
2002-10-22,PHX,-,SEA,-,N,phx-vs-sea-0010200090,preseason,2,1
2009-11-27,TOR,103,BOS,116,N,tor-vs-bos-0020900225,regular,1,2
2013-02-05,ATL,103,IND,114,N,atl-vs-ind-0021200715,regular,1,3
2017-01-31,NYK,101,WAS,117,N,nyk-vs-was-0021600724,regular,1,8
2005-07-22,No Games,-,No Games,-,-,-,-,2,2
2020-12-17,UTA,125,LAC,105,N,uta-vs-lac-0012000037,preseason,1,8
2015-06-05,No Games,-,No Games,-,-,-,-,2,1
2000-03-12,CLE,72,MIL,103,N,cle-vs-mil-0029900900,regular,1,9
1997-11-28,GSW,82,UTA,111,N,gsw-vs-uta-0029700201,regular,1,7
2001-03-03,ATL,95,SAS,124,N,atl-vs-sas-0020000849,regular,1,2
2012-02-19,DAL,97,NYK,104,N,dal-vs-nyk-0021100460,regular,1,2
2019-11-23,TOR,119,ATL,116,N,tor-vs-atl-0021900228,regular,1,9
2022-01-14,DAL,112,MEM,85,N,dal-vs-mem-0022100639,regular,1,4
2022-12-10,LAC,114,WAS,107,N,lac-vs-was-0022200389,regular,1,3
2001-04-18,CHH,97,BOS,92,N,chh-vs-bos-0020001179,regular,1,4
2017-10-30,SAS,94,BOS,108,N,sas-vs-bos-0021700092,regular,1,6
2001-11-06,ORL,89,SAS,104,N,orl-vs-sas-0020100058,regular,1,1
2002-03-26,CLE,116,LAL,121,N,cle-vs-lal-0020101016,regular,1,7
1997-10-28,No Games,-,No Games,-,-,-,-,2,5
2001-11-24,ATL,88,MIL,95,N,atl-vs-mil-0020100186,regular,1,9
2019-02-25,IND,109,DET,113,N,ind-vs-det-0021800899,regular,1,7
2010-11-10,CHA,101,TOR,96,N,cha-vs-tor-0021000110,regular,1,9
1995-04-16,DAL,111,LAL,125,N,dal-vs-lal-0029401051,regular,1,5
2016-10-31,CHI,118,BKN,88,N,chi-vs-bkn-0021600043,regular,1,0
2009-12-12,LAL,94,UTA,102,N,lal-vs-uta-0020900337,regular,1,2
2003-01-18,MIN,104,POR,98,N,min-vs-por-0020200572,regular,1,3
1996-10-26,NYK,-,SAS,-,N,nyk-vs-sas-0019600099,preseason,2,3
2010-01-16,NOH,101,IND,96,N,noh-vs-ind-0020900585,regular,1,0
2018-04-10,PHX,124,DAL,97,N,phx-vs-dal-0021701216,regular,1,1
2004-11-24,MIL,104,PHX,111,N,mil-vs-phx-0020400168,regular,1,8
2018-11-14,CHI,82,BOS,111,N,chi-vs-bos-0021800204,regular,1,7
2017-02-08,CHI,92,GSW,123,N,chi-vs-gsw-0021600792,regular,1,1
2021-03-20,ATL,99,LAL,94,N,atl-vs-lal-0022000640,regular,1,9
2006-04-18,SEA,105,SAC,111,N,sea-vs-sac-0020501216,regular,1,7
2013-12-03,DEN,111,BKN,87,N,den-vs-bkn-0021300263,regular,1,0
2000-06-11,LAL,91,IND,100,N,lal-vs-ind-0049900085,playoffs,1,0
2010-01-04,OKC,98,CHI,85,N,okc-vs-chi-0020900495,regular,1,4
2010-12-31,WAS,86,IND,95,N,was-vs-ind-0021000478,regular,1,3
2021-12-15,HOU,89,CLE,124,N,hou-vs-cle-0022100417,regular,1,6
2018-02-11,DAL,97,HOU,104,N,dal-vs-hou-0021700837,regular,1,0
2000-01-15,BOS,99,NJN,96,N,bos-vs-njn-0029900516,regular,1,0
2002-07-19,No Games,-,No Games,-,-,-,-,2,1
2000-02-15,DET,102,HOU,107,N,det-vs-hou-0029900711,regular,1,9
1997-03-21,CHH,102,TOR,97,N,chh-vs-tor-0029600970,regular,1,2
2008-01-13,MEM,99,LAL,100,N,mem-vs-lal-0020700546,regular,1,1
1999-03-24,NYK,91,SAC,92,N,nyk-vs-sac-0029800380,regular,1,9
1996-04-21,GOS,100,SAC,107,N,gos-vs-sac-0029501185,regular,1,4
2005-12-23,POR,91,MIN,83,N,por-vs-min-0020500379,regular,1,3
2012-11-21,CHI,89,HOU,93,N,chi-vs-hou-0021200165,regular,1,7
2012-03-17,BOS,91,DEN,98,N,bos-vs-den-0021100660,regular,1,2
2017-12-30,PHI,107,DEN,102,N,phi-vs-den-0021700536,regular,1,3
1997-04-11,PHI,118,MIL,126,N,phi-vs-mil-0029601119,regular,1,7
2004-12-21,NOH,91,LAC,100,Y,noh-vs-lac-0020400365,regular,1,6
1999-03-15,NYK,108,MIL,102,N,nyk-vs-mil-0029800302,regular,1,7
2022-01-02,NYK,105,TOR,120,N,nyk-vs-tor-0022100545,regular,1,0
2018-04-09,OKC,115,MIA,93,N,okc-vs-mia-0021701206,regular,1,2
2002-08-26,No Games,-,No Games,-,-,-,-,2,4
2006-11-28,TOR,94,NOK,77,N,tor-vs-nok-0020600206,regular,1,2
2000-02-15,DEN,107,MIN,104,Y,den-vs-min-0029900709,regular,1,7
1998-07-07,No Games,-,No Games,-,-,-,-,2,3
2001-12-23,MIL,101,SAS,91,N,mil-vs-sas-0020100384,regular,1,0
2015-04-22,SAS,111,LAC,107,Y,sas-vs-lac-0041400162,playoffs,1,6
2012-10-17,CLE,99,PHI,113,N,cle-vs-phi-0011200061,preseason,1,1
2012-05-12,DEN,87,LAL,96,N,den-vs-lal-0041100167,playoffs,1,9
2019-03-26,ORL,104,MIA,99,N,orl-vs-mia-0021801109,regular,1,2
1999-12-03,POR,80,LAL,93,N,por-vs-lal-0029900230,regular,1,2
2017-06-22,No Games,-,No Games,-,-,-,-,2,0
2016-01-20,BOS,109,TOR,115,N,bos-vs-tor-0021500633,regular,1,3
1995-03-01,WAS,125,BOS,124,N,was-vs-bos-0029400741,regular,1,6
2008-04-11,POR,86,SAC,103,N,por-vs-sac-0020701186,regular,1,9
1999-04-16,NJN,121,SEA,91,N,njn-vs-sea-0029800570,regular,1,5
2005-04-15,MIN,100,UTA,84,N,min-vs-uta-0020401180,regular,1,6
2013-11-29,WAS,73,IND,93,N,was-vs-ind-0021300236,regular,1,5
2017-02-08,PHX,91,MEM,110,N,phx-vs-mem-0021600788,regular,1,5
2017-12-29,CHA,111,GSW,100,N,cha-vs-gsw-0021700528,regular,1,4
2012-04-23,CHA,73,WAS,101,N,cha-vs-was-0021100960,regular,1,9
2009-12-23,HOU,87,ORL,102,N,hou-vs-orl-0020900414,regular,1,9
2002-12-10,MEM,107,MIA,96,N,mem-vs-mia-0020200301,regular,1,1
2009-02-11,SAS,89,TOR,91,N,sas-vs-tor-0020800777,regular,1,6
2018-01-17,MIA,106,MIL,101,N,mia-vs-mil-0021700659,regular,1,6
2018-11-19,BOS,112,CHA,117,N,bos-vs-cha-0021800239,regular,1,6
2008-09-27,No Games,-,No Games,-,-,-,-,2,6
2002-10-30,DEN,77,MIN,83,N,den-vs-min-0020200011,regular,1,9
2021-01-03,DAL,108,CHI,118,N,dal-vs-chi-0022000090,regular,1,5
2006-12-24,No Games,-,No Games,-,-,-,-,2,4
2008-11-22,HOU,100,ORL,95,N,hou-vs-orl-0020800185,regular,1,7
2007-04-13,DEN,107,NOK,105,N,den-vs-nok-0020601180,regular,1,4
2015-12-23,BOS,102,CHA,89,N,bos-vs-cha-0021500423,regular,1,3
2007-02-27,DAL,91,MIN,65,N,dal-vs-min-0020600854,regular,1,1
2018-10-04,IND,110,HOU,100,Y,ind-vs-hou-0011800026,preseason,2,9
1999-04-23,HOU,101,LAC,106,Y,hou-vs-lac-0029800624,regular,1,5
2015-02-06,NYK,88,BKN,92,N,nyk-vs-bkn-0021400746,regular,1,5
2022-02-17,PHI,123,MIL,120,N,phi-vs-mil-0022100887,regular,1,2
2006-04-10,DEN,110,POR,98,N,den-vs-por-0020501154,regular,1,9
2010-10-14,DEN,100,LAC,95,N,den-vs-lac-0011000066,preseason,1,6
2019-01-02,DAL,122,CHA,84,N,dal-vs-cha-0021800554,regular,1,2
2016-02-03,CHI,107,SAC,102,N,chi-vs-sac-0021500744,regular,1,0
1999-03-09,VAN,82,GSW,92,N,van-vs-gsw-0029800256,regular,1,0
2013-01-07,ORL,119,POR,125,Y,orl-vs-por-0021200510,regular,1,4
2014-05-15,OKC,104,LAC,98,N,okc-vs-lac-0041300236,playoffs,1,4
2020-08-09,MEM,99,TOR,108,N,mem-vs-tor-0021901286,regular,1,5
2005-04-14,MIA,119,PHI,126,Y,mia-vs-phi-0020401170,regular,1,8
2002-04-05,ORL,85,NJN,110,N,orl-vs-njn-0020101085,regular,1,6
2003-09-04,No Games,-,No Games,-,-,-,-,2,3
1995-11-27,UTH,114,PHX,105,N,uth-vs-phx-0029500176,regular,1,2
2019-03-14,SAC,120,BOS,126,N,sac-vs-bos-0021801022,regular,1,8
2010-12-30,SAS,99,DAL,93,N,sas-vs-dal-0021000474,regular,1,6
1997-03-27,ORL,93,SAS,97,N,orl-vs-sas-0029601013,regular,1,4
2020-11-22,No Games,-,No Games,-,-,-,-,2,1
2005-11-05,NOK,91,HOU,84,N,nok-vs-hou-0020500038,regular,1,7
2017-02-15,LAL,101,PHX,137,N,lal-vs-phx-0021600844,regular,1,4
2018-02-08,NYK,88,TOR,113,N,nyk-vs-tor-0021700812,regular,1,5
2012-12-18,ATL,100,WAS,95,Y,atl-vs-was-0021200356,regular,1,5
1996-11-24,SAC,74,CLE,103,N,sac-vs-cle-0029600171,regular,1,8
1995-02-23,PHL,75,DEN,105,N,phl-vs-den-0029400700,regular,1,5
2011-01-28,CHA,121,GSW,113,Y,cha-vs-gsw-0021000691,regular,1,6
2001-12-08,ORL,104,ATL,107,N,orl-vs-atl-0020100275,regular,1,5
1999-03-07,WAS,103,PHI,95,Y,was-vs-phi-0029800235,regular,1,7
1996-01-25,HOU,85,WAS,120,N,hou-vs-was-0029500574,regular,1,9
2021-04-16,IND,111,UTA,119,N,ind-vs-uta-0022000844,regular,1,8
2013-02-11,NOH,105,DET,86,N,noh-vs-det-0021200765,regular,1,9
2014-01-26,DET,106,DAL,116,N,det-vs-dal-0021300659,regular,1,4
2017-01-27,HOU,123,PHI,118,N,hou-vs-phi-0021600694,regular,1,4
2010-01-13,WAS,82,ATL,94,N,was-vs-atl-0020900558,regular,1,3
2005-03-11,ATL,116,TOR,112,Y,atl-vs-tor-0020400904,regular,1,0
2009-11-03,BOS,105,PHI,74,N,bos-vs-phi-0020900053,regular,1,5
2012-12-10,GSW,104,CHA,96,N,gsw-vs-cha-0021200299,regular,1,9
2009-03-23,MEM,82,MIA,94,N,mem-vs-mia-0020801051,regular,1,9
2022-02-08,PHX,114,PHI,109,N,phx-vs-phi-0022100815,regular,1,4
2014-01-03,MEM,108,DEN,111,N,mem-vs-den-0021300487,regular,1,7
2017-05-15,WAS,105,BOS,115,N,was-vs-bos-0041600207,playoffs,1,8
2015-02-28,SAS,101,PHX,74,N,sas-vs-phx-0021400875,regular,1,1
2005-01-15,ORL,85,IND,84,N,orl-vs-ind-0020400534,regular,1,3
1998-02-27,GSW,88,BOS,120,N,gsw-vs-bos-0029700809,regular,1,1
2009-04-10,PHX,89,MEM,106,N,phx-vs-mem-0020801181,regular,1,1
2010-10-20,NOH,98,CHA,105,Y,noh-vs-cha-0011000100,preseason,1,8
2005-11-11,UTA,99,TOR,84,N,uta-vs-tor-0020500071,regular,1,4
2001-03-04,CHH,116,BOS,97,N,chh-vs-bos-0020000853,regular,1,9
1998-02-24,LAL,98,MIL,81,N,lal-vs-mil-0029700790,regular,1,3
1997-01-02,LAL,90,SAC,83,N,lal-vs-sac-0029600432,regular,1,9
2023-03-11,NYK,95,LAC,106,N,nyk-vs-lac-0022201004,regular,1,9
1997-11-07,CLE,96,BOS,92,N,cle-vs-bos-0029700054,regular,1,9
2000-06-23,No Games,-,No Games,-,-,-,-,2,3
2000-11-04,ORL,107,ATL,104,N,orl-vs-atl-0020000036,regular,1,7
1997-02-26,SAC,111,BOS,105,N,sac-vs-bos-0029600795,regular,1,2
2019-11-25,POR,117,CHI,94,N,por-vs-chi-0021900247,regular,1,3
2019-03-24,SAS,115,BOS,96,N,sas-vs-bos-0021801100,regular,1,5
2014-01-22,DET,101,MIL,104,N,det-vs-mil-0021300628,regular,1,6
2010-12-08,MIA,111,UTA,98,N,mia-vs-uta-0021000324,regular,1,7
2019-03-26,SAC,125,DAL,121,N,sac-vs-dal-0021801114,regular,1,7
2014-05-19,OKC,105,SAS,122,N,okc-vs-sas-0041300311,playoffs,1,1
2022-12-31,DET,116,MIN,104,N,det-vs-min-0022200544,regular,1,4
2020-07-30,UTA,106,NOP,104,N,uta-vs-nop-0021901231,regular,1,8
2007-12-26,NYK,96,ORL,110,N,nyk-vs-orl-0020700411,regular,1,5
2016-03-12,MEM,83,ATL,95,N,mem-vs-atl-0021500974,regular,1,9
2000-12-20,UTA,91,PHI,89,N,uta-vs-phi-0020000361,regular,1,2
2010-07-05,No Games,-,No Games,-,-,-,-,2,2
2003-01-20,SAC,102,GSW,80,N,sac-vs-gsw-0020200582,regular,1,4
2023-03-11,OKC,110,NOP,96,N,okc-vs-nop-0022201011,regular,1,0
2020-01-11,MIN,109,HOU,139,N,min-vs-hou-0021900577,regular,1,1
2020-05-12,No Games,-,No Games,-,-,-,-,2,6
2007-01-31,GSW,94,ATL,115,N,gsw-vs-atl-0020600676,regular,1,1
2009-11-29,HOU,100,OKC,91,N,hou-vs-okc-0020900244,regular,1,1
2005-06-25,No Games,-,No Games,-,-,-,-,2,2
2000-01-04,SAC,111,CLE,107,N,sac-vs-cle-0029900433,regular,1,8
2006-07-24,No Games,-,No Games,-,-,-,-,2,6
1999-04-29,DAL,91,HOU,81,N,dal-vs-hou-0029800669,regular,1,7
1999-10-24,DET,-,HOU,-,N,det-vs-hou-0019900087,preseason,2,9
2017-01-15,MIN,87,DAL,98,N,min-vs-dal-0021600608,regular,1,3
2007-03-07,WAS,97,ATL,100,N,was-vs-atl-0020600909,regular,1,7
2008-02-16,No Games,-,No Games,-,-,-,-,2,7
2022-04-10,DET,106,PHI,118,N,det-vs-phi-0022101228,regular,1,7
2013-02-13,CHI,69,BOS,71,N,chi-vs-bos-0021200778,regular,1,7
2007-03-30,DEN,108,PHX,125,N,den-vs-phx-0020601080,regular,1,4
2019-12-05,PHX,139,NOP,132,Y,phx-vs-nop-0021900319,regular,1,9
2013-03-31,CLE,92,NOH,112,N,cle-vs-noh-0021201096,regular,1,6
2008-02-10,SAS,90,BOS,98,N,sas-vs-bos-0020700749,regular,1,1
2022-01-09,SAC,88,POR,103,N,sac-vs-por-0022100605,regular,1,1
2022-01-21,POR,109,BOS,105,N,por-vs-bos-0022100688,regular,1,1
1995-12-02,ATL,96,DET,104,N,atl-vs-det-0029500216,regular,1,4
1998-04-25,SAS,101,PHX,108,N,sas-vs-phx-0049700010,playoffs,1,5
2004-02-13,EST,-,WST,-,N,est-vs-wst-0030300004,regular,2,3
2008-02-08,SEA,99,PHX,103,N,sea-vs-phx-0020700734,regular,1,6
2005-01-12,HOU,124,DAL,114,N,hou-vs-dal-0020400511,regular,1,3
2016-04-12,OKC,98,SAS,102,Y,okc-vs-sas-0021501215,regular,1,9
2002-01-21,WAS,101,MIN,105,N,was-vs-min-0020100577,regular,1,9
2005-10-14,MIN,84,IND,93,N,min-vs-ind-0010500023,preseason,1,4
2018-11-20,LAC,118,WAS,125,N,lac-vs-was-0021800249,regular,1,9
2017-02-27,TOR,92,NYK,91,N,tor-vs-nyk-0021600882,regular,1,3
1996-04-19,VAN,92,DEN,78,N,van-vs-den-0029501169,regular,1,3
2021-12-27,HOU,99,CHA,123,N,hou-vs-cha-0022100501,regular,1,4
2018-10-20,TOR,117,WAS,113,N,tor-vs-was-0021800027,regular,1,6
2000-10-24,MIN,-,CHH,-,N,min-vs-chh-0010000089,preseason,2,3
2000-12-01,CLE,93,DET,103,N,cle-vs-det-0020000228,regular,1,0
2022-03-28,CHI,104,NYK,109,N,chi-vs-nyk-0022101126,regular,1,7
2006-04-11,MIN,76,MEM,92,N,min-vs-mem-0020501157,regular,1,5
2010-11-03,TOR,108,UTA,125,N,tor-vs-uta-0021000061,regular,1,0
2020-02-26,PHI,94,CLE,108,N,phi-vs-cle-0021900865,regular,1,3
2018-02-09,CHA,94,UTA,106,N,cha-vs-uta-0021700824,regular,1,8
2016-11-26,SAS,112,WAS,100,N,sas-vs-was-0021600240,regular,1,7
1996-03-21,CLE,98,HOU,85,N,cle-vs-hou-0029500954,regular,1,4
1995-06-17,No Games,-,No Games,-,-,-,-,2,9
2006-10-16,UTA,85,DET,90,N,uta-vs-det-0010600047,preseason,1,3
2005-04-05,LAL,99,PHX,125,N,lal-vs-phx-0020401103,regular,1,2
2000-04-10,POR,90,UTA,86,N,por-vs-uta-0029901113,regular,1,3
2012-10-31,HOU,105,DET,96,N,hou-vs-det-0021200006,regular,1,4
2018-03-02,DAL,100,CHI,108,N,dal-vs-chi-0021700930,regular,1,5
2019-01-07,UTA,102,MIL,114,N,uta-vs-mil-0021800594,regular,1,7
1995-11-06,ATL,96,UTH,105,N,atl-vs-uth-0029500029,regular,1,3
2005-02-28,NOH,86,DAL,90,N,noh-vs-dal-0020400832,regular,1,5
2009-02-04,CLE,107,NYK,102,N,cle-vs-nyk-0020800724,regular,1,5
2008-12-15,MIL,98,MIA,83,N,mil-vs-mia-0020800355,regular,1,4
2001-03-10,MIL,90,CHH,100,N,mil-vs-chh-0020000902,regular,1,3
2012-11-06,TOR,88,OKC,108,N,tor-vs-okc-0021200051,regular,1,9
2000-04-07,HOU,119,SEA,116,N,hou-vs-sea-0029901090,regular,1,5
2012-03-10,TOR,86,DET,105,N,tor-vs-det-0021100596,regular,1,1
2021-10-31,UTA,107,MIL,95,N,uta-vs-mil-0022100091,regular,1,9
2013-11-15,CHI,96,TOR,80,N,chi-vs-tor-0021300126,regular,1,3
2006-03-18,POR,93,MIL,97,N,por-vs-mil-0020500977,regular,1,7
2002-11-09,BOS,105,MIN,99,N,bos-vs-min-0020200085,regular,1,9
2009-11-30,MEM,93,UTA,120,N,mem-vs-uta-0020900251,regular,1,6
2010-10-30,CHA,88,MIL,98,N,cha-vs-mil-0021000038,regular,1,9
2008-04-16,NYK,123,IND,132,N,nyk-vs-ind-0020701220,regular,1,6
2011-02-02,CHA,97,DET,87,N,cha-vs-det-0021000722,regular,1,1
2005-12-28,HOU,90,NOK,92,N,hou-vs-nok-0020500409,regular,1,9
2012-12-27,DAL,105,OKC,111,Y,dal-vs-okc-0021200423,regular,1,1
1996-12-03,MIA,99,NYK,75,N,mia-vs-nyk-0029600225,regular,1,3
2021-06-18,UTA,119,LAC,131,N,uta-vs-lac-0042000226,playoffs,1,7
2008-01-26,IND,96,MIA,98,N,ind-vs-mia-0020700638,regular,1,6
2009-04-05,CHA,97,DET,104,N,cha-vs-det-0020801144,regular,1,4
1997-11-15,UTA,85,DAL,77,N,uta-vs-dal-0029700119,regular,1,2
2005-12-10,SAC,123,SEA,104,N,sac-vs-sea-0020500289,regular,1,6
2013-03-06,TOR,98,PHX,71,N,tor-vs-phx-0021200910,regular,1,1
2000-01-12,LAL,103,MIL,94,N,lal-vs-mil-0029900496,regular,1,2
2013-10-24,HOU,109,SAS,92,N,hou-vs-sas-0011300105,preseason,1,5
2018-02-04,LAL,108,OKC,104,N,lal-vs-okc-0021700788,regular,1,1
2023-03-14,NYK,-,POR,-,N,nyk-vs-por-0022201034,regular,0,0
2014-07-19,No Games,-,No Games,-,-,-,-,2,6
2011-01-19,NYK,89,HOU,104,N,nyk-vs-hou-0021000619,regular,1,0
2019-11-10,CHA,106,PHI,114,N,cha-vs-phi-0021900134,regular,1,7
2005-02-12,ORL,99,PHI,112,N,orl-vs-phi-0020400742,regular,1,3
2017-01-13,CLE,120,SAC,108,N,cle-vs-sac-0021600599,regular,1,0
1997-09-26,No Games,-,No Games,-,-,-,-,2,9
2023-01-25,MIN,111,NOP,102,N,min-vs-nop-0022200724,regular,1,4
2016-02-28,TOR,101,DET,114,N,tor-vs-det-0021500879,regular,1,4
2007-04-29,PHX,113,LAL,100,N,phx-vs-lal-0040600154,playoffs,1,2
2017-12-06,CHI,96,IND,98,N,chi-vs-ind-0021700354,regular,1,0
1997-08-22,No Games,-,No Games,-,-,-,-,2,6
2017-01-15,OKC,122,SAC,118,N,okc-vs-sac-0021600610,regular,1,0
2010-03-21,HOU,116,NYK,112,N,hou-vs-nyk-0020901036,regular,1,7
1996-04-09,LAL,91,DEN,98,N,lal-vs-den-0029501096,regular,1,4
2018-03-27,DAL,103,SAC,97,N,dal-vs-sac-0021701113,regular,1,4
2014-12-17,DAL,117,DET,106,N,dal-vs-det-0021400372,regular,1,3
2001-11-24,MIA,96,CLE,100,Y,mia-vs-cle-0020100182,regular,1,7
2003-04-16,DET,92,BOS,99,N,det-vs-bos-0020201177,regular,1,3
1996-03-24,SEA,112,SAC,110,N,sea-vs-sac-0029500973,regular,1,6
2001-02-28,VAN,83,UTA,101,N,van-vs-uta-0020000829,regular,1,6
2006-11-30,UTA,102,LAL,132,N,uta-vs-lal-0020600223,regular,1,6
1996-04-05,NYK,86,MIL,79,N,nyk-vs-mil-0029501060,regular,1,1
2021-11-23,DEN,100,POR,119,N,den-vs-por-0022100265,regular,1,3
2008-04-25,DET,75,PHI,95,N,det-vs-phi-0040700113,playoffs,1,8
2004-01-18,SAS,109,BOS,92,N,sas-vs-bos-0020300576,regular,1,5
2000-04-08,TOR,98,CHI,79,N,tor-vs-chi-0029901093,regular,1,4
2008-02-19,BOS,118,DEN,124,N,bos-vs-den-0020700785,regular,1,0
2017-11-24,CHI,94,GSW,143,N,chi-vs-gsw-0021700276,regular,1,8
2015-01-09,DEN,118,SAC,108,N,den-vs-sac-0021400546,regular,1,7
2005-03-26,BOS,99,DET,105,Y,bos-vs-det-0020401026,regular,1,9
2013-01-05,UTA,91,DEN,110,N,uta-vs-den-0021200497,regular,1,1
2021-03-11,DAL,108,OKC,116,N,dal-vs-okc-0022000575,regular,1,3
1998-02-10,DAL,81,NJN,90,N,dal-vs-njn-0029700683,regular,1,7
2009-01-02,MIA,76,ORL,86,N,mia-vs-orl-0020800473,regular,1,0
2010-02-24,DET,91,LAC,97,N,det-vs-lac-0020900855,regular,1,6
2005-03-06,TOR,95,NOH,84,N,tor-vs-noh-0020400875,regular,1,4
2022-10-09,NOP,111,SAS,97,N,nop-vs-sas-0012200039,preseason,1,8
2013-01-15,IND,103,CHA,76,N,ind-vs-cha-0021200565,regular,1,1
2018-10-05,DET,93,SAS,117,Y,det-vs-sas-0011800035,preseason,2,7
2003-03-07,PHI,108,SEA,99,N,phi-vs-sea-0020200891,regular,1,8
2018-10-20,DET,118,CHI,116,N,det-vs-chi-0021800031,regular,1,0
2002-03-02,HOU,104,PHX,97,N,hou-vs-phx-0020100836,regular,1,6
2019-03-17,TOR,107,DET,110,N,tor-vs-det-0021801044,regular,1,5
2015-04-07,CHA,100,MIA,105,N,cha-vs-mia-0021401155,regular,1,6
2022-12-27,PHX,125,MEM,108,N,phx-vs-mem-0022200510,regular,1,1
2014-11-09,ORL,96,BKN,104,N,orl-vs-bkn-0021400090,regular,1,4
2010-10-12,SAS,100,LAC,99,N,sas-vs-lac-0011000052,preseason,1,6
2000-10-31,CLE,86,NJN,82,N,cle-vs-njn-0020000002,regular,1,8
2004-12-10,POR,87,UTA,92,Y,por-vs-uta-0020400285,regular,1,3
2011-03-23,MIA,100,DET,94,N,mia-vs-det-0021001058,regular,1,1
2018-11-10,HOU,89,SAS,96,N,hou-vs-sas-0021800180,regular,1,0
1996-02-10,No Games,-,No Games,-,-,-,-,2,5
2008-06-19,No Games,-,No Games,-,-,-,-,2,1
2023-03-03,NYK,122,MIA,120,N,nyk-vs-mia-0022200949,regular,1,3
2022-11-03,GSW,129,ORL,130,N,gsw-vs-orl-0022200118,regular,1,3
1997-10-18,UTA,-,IND,-,N,uta-vs-ind-0019700055,preseason,2,0
2001-03-30,NYK,79,POR,96,N,nyk-vs-por-0020001046,regular,1,7
2016-11-19,DAL,87,ORL,95,N,dal-vs-orl-0021600187,regular,1,9
2016-01-27,HOU,99,SAS,130,N,hou-vs-sas-0021500689,regular,1,6
1997-04-18,CLE,82,DET,75,N,cle-vs-det-0029601169,regular,1,8
2004-07-23,SAS,-,DEN,-,N,sas-vs-den-0010401027,preseason,2,9
2011-01-12,SAS,91,MIL,84,N,sas-vs-mil-0021000566,regular,1,2
2000-12-23,CLE,92,ORL,111,N,cle-vs-orl-0020000385,regular,1,6
2008-03-20,SAS,102,CHI,80,N,sas-vs-chi-0020701016,regular,1,3
2019-01-31,MIL,105,TOR,92,N,mil-vs-tor-0021800766,regular,1,6
1999-11-17,CLE,103,BOS,114,N,cle-vs-bos-0029900110,regular,1,2
2017-02-07,ORL,104,HOU,128,N,orl-vs-hou-0021600780,regular,1,0
2010-04-07,ATL,88,DET,90,N,atl-vs-det-0020901160,regular,1,6
2015-11-15,TOR,101,SAC,107,N,tor-vs-sac-0021500150,regular,1,6
2022-01-05,PHI,116,ORL,106,N,phi-vs-orl-0022100568,regular,1,3
2008-04-05,WAS,99,CHI,87,N,was-vs-chi-0020701141,regular,1,1
2021-02-19,OKC,85,MIL,98,N,okc-vs-mil-0022000453,regular,1,4
2005-11-25,CHA,89,BOS,90,N,cha-vs-bos-0020500171,regular,1,5
2005-01-23,MIL,101,NYK,96,N,mil-vs-nyk-0020400594,regular,1,7
2017-01-02,ORL,115,NYK,103,N,orl-vs-nyk-0021600516,regular,1,3
2016-01-04,HOU,93,UTA,91,N,hou-vs-uta-0021500518,regular,1,0
1998-03-29,CHH,82,CLE,97,N,chh-vs-cle-0029701028,regular,1,9
1995-04-29,CLE,90,NYK,84,N,cle-vs-nyk-0049400012,playoffs,1,3
1996-01-05,DAL,99,NJN,107,N,dal-vs-njn-0029500438,regular,1,8
2023-02-17,JKM,20,PAU,25,N,jkm-vs-pau-0032200006,regular,1,0
2003-01-23,DAL,107,PHI,94,N,dal-vs-phi-0020200603,regular,1,6
1997-02-20,DEN,68,IND,92,N,den-vs-ind-0029600753,regular,1,0
2008-03-02,DAL,104,LAL,108,Y,dal-vs-lal-0020700876,regular,1,3
2014-11-28,NOP,91,ATL,100,N,nop-vs-atl-0021400225,regular,1,2
2023-01-04,OKC,115,ORL,126,N,okc-vs-orl-0022200566,regular,1,1
2014-02-12,CLE,93,DET,89,N,cle-vs-det-0021300782,regular,1,2
2013-04-05,MIL,83,NYK,101,N,mil-vs-nyk-0021201128,regular,1,0
2005-09-12,No Games,-,No Games,-,-,-,-,2,7
2005-11-19,NOK,98,ORL,95,N,nok-vs-orl-0020500133,regular,1,2
2021-10-13,POR,74,PHX,119,N,por-vs-phx-0012100054,preseason,1,8
2005-01-04,SAC,105,NYK,98,N,sac-vs-nyk-0020400450,regular,1,8
2010-12-01,LAL,99,HOU,109,N,lal-vs-hou-0021000269,regular,1,3
1995-03-05,ATL,111,ORL,113,N,atl-vs-orl-0029400767,regular,1,0
2009-10-16,MIN,90,CHI,94,N,min-vs-chi-0010900068,preseason,1,8
2000-03-16,VAN,103,SEA,117,N,van-vs-sea-0029900929,regular,1,4
2005-11-26,WAS,82,CHA,100,N,was-vs-cha-0020500184,regular,1,7
2020-12-13,WAS,114,BKN,119,N,was-vs-bkn-0012000014,preseason,1,9
2010-01-02,MEM,128,PHX,103,N,mem-vs-phx-0020900485,regular,1,1
2004-12-20,MEM,82,LAL,72,N,mem-vs-lal-0020400358,regular,1,1
2021-06-15,MIL,108,BKN,114,N,mil-vs-bkn-0042000215,playoffs,1,8
2020-12-17,MIN,129,DAL,127,Y,min-vs-dal-0012000036,preseason,1,1
2021-03-29,MIN,107,BKN,112,N,min-vs-bkn-0022000709,regular,1,6
2021-10-15,BOS,100,MIA,121,N,bos-vs-mia-0012100059,preseason,1,7
2010-11-28,OKC,98,HOU,99,N,okc-vs-hou-0021000247,regular,1,0
2007-06-29,No Games,-,No Games,-,-,-,-,2,4
1996-12-19,MIN,105,SAC,112,N,min-vs-sac-0029600347,regular,1,2
2017-02-08,CLE,132,IND,117,N,cle-vs-ind-0021600783,regular,1,8
2000-12-09,GSW,114,UTA,125,N,gsw-vs-uta-0020000290,regular,1,1
2008-02-12,DET,94,ATL,90,N,det-vs-atl-0020700758,regular,1,2
2006-05-01,DAL,102,MEM,76,N,dal-vs-mem-0040500174,playoffs,1,3
2019-01-11,CLE,113,HOU,141,N,cle-vs-hou-0021800625,regular,1,6
2008-03-07,POR,103,MIL,101,N,por-vs-mil-0020700919,regular,1,9
2004-01-30,NYK,92,BOS,74,N,nyk-vs-bos-0020300663,regular,1,5
2012-03-04,MIA,83,LAL,93,N,mia-vs-lal-0021100547,regular,1,8
2017-12-08,DEN,103,ORL,89,N,den-vs-orl-0021700370,regular,1,6
2021-02-12,OKC,95,DEN,97,N,okc-vs-den-0022000401,regular,1,9
2002-10-08,SAS,-,PHI,-,N,sas-vs-phi-0010200010,preseason,2,5
2017-01-07,UTA,94,MIN,92,N,uta-vs-min-0021600556,regular,1,8
2014-10-09,UTA,109,POR,105,N,uta-vs-por-0011400024,preseason,1,2
2010-06-18,No Games,-,No Games,-,-,-,-,2,4
2012-03-28,SAS,117,SAC,112,N,sas-vs-sac-0021100750,regular,1,4
2021-01-03,BOS,122,DET,120,N,bos-vs-det-0022000085,regular,1,5
1996-02-26,IND,122,BOS,119,N,ind-vs-bos-0029500778,regular,1,1
2022-02-03,MIN,128,DET,117,N,min-vs-det-0022100782,regular,1,3
2020-06-15,No Games,-,No Games,-,-,-,-,2,7
2005-04-18,DEN,114,PHX,128,N,den-vs-phx-0020401207,regular,1,0
2007-03-10,NOK,86,UTA,96,N,nok-vs-uta-0020600933,regular,1,0
2009-11-27,MIL,90,OKC,108,N,mil-vs-okc-0020900228,regular,1,4
2019-01-27,SAC,108,LAC,122,N,sac-vs-lac-0021800736,regular,1,7
2005-03-30,HOU,100,POR,84,N,hou-vs-por-0020401062,regular,1,3
2012-03-13,LAL,116,MEM,2111,Y,lal-vs-mem-0021100621,regular,1,1
2012-05-16,LAL,75,OKC,77,N,lal-vs-okc-0041100232,playoffs,1,5
2013-12-31,TOR,85,CHI,79,N,tor-vs-chi-0021300463,regular,1,4
2003-11-01,LAL,103,PHX,99,N,lal-vs-phx-0020300037,regular,1,4
2015-11-25,NOP,120,PHX,114,N,nop-vs-phx-0021500225,regular,1,3
2004-02-16,No Games,-,No Games,-,-,-,-,2,3
2021-01-16,ORL,115,BKN,122,N,orl-vs-bkn-0022000190,regular,1,0
2014-12-05,SAS,107,MEM,101,N,sas-vs-mem-0021400282,regular,1,5
2014-02-07,DEN,90,NYK,117,N,den-vs-nyk-0021300745,regular,1,6
2012-11-23,OKC,100,BOS,108,N,okc-vs-bos-0021200173,regular,1,9
2001-03-19,PHI,89,SEA,93,N,phi-vs-sea-0020000967,regular,1,4
2000-02-06,HOU,105,DET,109,N,hou-vs-det-0029900672,regular,1,5
2006-04-26,LAL,99,PHX,93,N,lal-vs-phx-0040500152,playoffs,1,4
2014-11-21,BKN,94,OKC,92,N,bkn-vs-okc-0021400178,regular,1,3
2021-03-11,PHI,127,CHI,105,N,phi-vs-chi-0022000572,regular,1,8
1999-03-21,LAC,100,MIN,85,N,lac-vs-min-0029800355,regular,1,1
2020-02-04,SAS,102,LAL,129,N,sas-vs-lal-0021900754,regular,1,8
2014-03-29,NOP,80,SAS,96,N,nop-vs-sas-0021301092,regular,1,2
2022-11-16,CHI,110,NOP,124,N,chi-vs-nop-0022200217,regular,1,6
2014-11-21,MIL,82,TOR,124,N,mil-vs-tor-0021400175,regular,1,0
2023-01-16,UTA,126,MIN,125,N,uta-vs-min-0022200662,regular,1,9
2005-11-28,NJN,101,DEN,92,N,njn-vs-den-0020500196,regular,1,3
2014-05-27,SAS,92,OKC,105,N,sas-vs-okc-0041300314,playoffs,1,0
2007-11-10,MEM,94,UTA,118,N,mem-vs-uta-0020700083,regular,1,2
2001-07-06,No Games,-,No Games,-,-,-,-,2,4
2021-01-13,NOP,106,LAC,111,N,nop-vs-lac-0022000172,regular,1,0
2004-11-26,NJN,79,SEA,92,N,njn-vs-sea-0020400183,regular,1,0
2004-03-21,DAL,101,NJN,98,N,dal-vs-njn-0020301004,regular,1,7
2020-01-08,MIL,107,GSW,98,N,mil-vs-gsw-0021900562,regular,1,7
2010-12-05,BOS,100,NJN,75,N,bos-vs-njn-0021000294,regular,1,5
2017-05-14,SAS,111,GSW,113,N,sas-vs-gsw-0041600311,playoffs,1,6
2008-08-07,No Games,-,No Games,-,-,-,-,2,3
2012-07-15,No Games,-,No Games,-,-,-,-,2,2
1996-12-16,WAS,97,SAC,89,N,was-vs-sac-0029600325,regular,1,4
2012-11-05,UTA,94,MEM,103,N,uta-vs-mem-0021200045,regular,1,3
2019-11-29,LAC,97,SAS,107,N,lac-vs-sas-0021900276,regular,1,8
2009-12-11,CHA,85,SAS,104,N,cha-vs-sas-0020900328,regular,1,7
1999-02-23,MIA,96,WAS,80,N,mia-vs-was-0029800139,regular,1,7
2003-05-05,LAL,82,SAS,87,N,lal-vs-sas-0040200221,playoffs,1,8
2022-11-11,DET,112,NYK,121,N,det-vs-nyk-0022200178,regular,1,1
2020-12-12,DAL,112,MIL,102,N,dal-vs-mil-0012000009,preseason,1,6
2004-02-22,MIL,113,WAS,85,N,mil-vs-was-0020300806,regular,1,9
2015-03-16,BKN,122,MIN,106,N,bkn-vs-min-0021400994,regular,1,5
2010-08-02,No Games,-,No Games,-,-,-,-,2,3
2014-02-26,CLE,114,OKC,104,N,cle-vs-okc-0021300858,regular,1,4
2006-03-25,DEN,96,PHX,107,N,den-vs-phx-0020501030,regular,1,8
2022-11-16,MIA,104,TOR,112,N,mia-vs-tor-0022200215,regular,1,1
2016-02-09,UTA,121,DAL,119,Y,uta-vs-dal-0021500787,regular,1,7
2018-11-23,PHX,116,MIL,114,N,phx-vs-mil-0021800275,regular,1,0
2013-12-11,OKC,116,MEM,100,N,okc-vs-mem-0021300320,regular,1,7
2023-02-06,DAL,124,UTA,111,N,dal-vs-uta-0022200813,regular,1,5
1999-03-15,UTA,90,MIN,83,N,uta-vs-min-0029800303,regular,1,9
2000-12-09,HOU,111,SEA,104,N,hou-vs-sea-0020000292,regular,1,5
2001-12-02,MEM,93,PHI,87,N,mem-vs-phi-0020100238,regular,1,9
2003-01-22,CHI,91,ORL,94,N,chi-vs-orl-0020200592,regular,1,7
2014-02-01,CHI,79,NOP,88,N,chi-vs-nop-0021300703,regular,1,6
2014-03-22,POR,94,CHA,124,N,por-vs-cha-0021301032,regular,1,3
2014-11-28,SAC,104,SAS,112,N,sac-vs-sas-0021400231,regular,1,7
2021-12-13,PHI,91,MEM,126,N,phi-vs-mem-0022100409,regular,1,2
2002-03-21,DET,95,PHX,82,N,det-vs-phx-0020100976,regular,1,8
1999-11-27,VAN,82,MIN,113,N,van-vs-min-0029900188,regular,1,8
2016-09-13,No Games,-,No Games,-,-,-,-,2,8
2018-12-02,POR,118,SAS,131,N,por-vs-sas-0021800342,regular,1,0
2008-11-15,BOS,102,MIL,97,Y,bos-vs-mil-0020800139,regular,1,9
2001-02-03,DET,88,CLE,81,Y,det-vs-cle-0020000671,regular,1,8
2023-01-28,LAC,120,ATL,113,N,lac-vs-atl-0022200745,regular,1,4
2016-03-13,NYK,90,LAL,87,N,nyk-vs-lal-0021500987,regular,1,9
2018-03-23,BOS,105,POR,100,N,bos-vs-por-0021701086,regular,1,9
2009-10-19,ORL,101,CHI,98,N,orl-vs-chi-0010900086,preseason,1,5
2016-06-05,CLE,77,GSW,110,N,cle-vs-gsw-0041500402,playoffs,1,1
2017-12-23,MIL,106,CHA,111,N,mil-vs-cha-0021700481,regular,1,1
2005-02-21,No Games,-,No Games,-,-,-,-,2,2
2011-03-10,NYK,109,DAL,127,N,nyk-vs-dal-0021000965,regular,1,4
2021-11-08,PHX,109,SAC,104,N,phx-vs-sac-0022100153,regular,1,0
1997-08-05,No Games,-,No Games,-,-,-,-,2,8
2012-02-15,PHI,87,ORL,103,N,phi-vs-orl-0021100430,regular,1,7
2013-04-09,OKC,90,UTA,80,N,okc-vs-uta-0021201161,regular,1,7
2005-01-21,ATL,85,CHI,95,N,atl-vs-chi-0020400578,regular,1,1
2002-02-14,DET,85,NJN,80,N,det-vs-njn-0020100716,regular,1,6
2019-03-10,CHI,108,DET,131,N,chi-vs-det-0021800992,regular,1,2
1999-07-24,No Games,-,No Games,-,-,-,-,2,0
2005-01-31,HOU,97,BOS,94,N,hou-vs-bos-0020400653,regular,1,8
1997-03-16,POR,106,LAC,94,N,por-vs-lac-0029600934,regular,1,5
2022-12-30,UTA,125,SAC,126,N,uta-vs-sac-0022200537,regular,1,5
1999-11-05,NYK,103,DET,91,N,nyk-vs-det-0029900030,regular,1,1
1999-12-20,MIN,100,CLE,94,N,min-vs-cle-0029900350,regular,1,1
2022-12-28,BKN,108,ATL,107,N,bkn-vs-atl-0022200517,regular,1,1
2015-11-10,UTA,114,CLE,118,N,uta-vs-cle-0021500106,regular,1,9
2014-10-10,PHI,110,MIN,116,N,phi-vs-min-0011400029,preseason,1,6
2008-02-03,DAL,67,DET,90,N,dal-vs-det-0020700697,regular,1,8
2019-03-19,LAL,101,MIL,115,N,lal-vs-mil-0021801061,regular,1,4
2023-02-25,IND,121,ORL,108,N,ind-vs-orl-0022200905,regular,1,6
2004-03-31,POR,105,BOS,98,N,por-vs-bos-0020301076,regular,1,4
2019-12-14,SAS,121,PHX,119,Y,sas-vs-phx-0021900380,regular,1,4
2013-11-15,MIL,77,IND,104,N,mil-vs-ind-0021300125,regular,1,7
2014-01-25,HOU,81,MEM,99,N,hou-vs-mem-0021300649,regular,1,0
2012-11-23,GSW,91,DEN,102,N,gsw-vs-den-0021200179,regular,1,7
1999-01-18,No Games,-,No Games,-,-,-,-,2,2
2004-10-10,GSW,-,SAC,-,N,gsw-vs-sac-0010400002,preseason,2,1
2012-04-17,SAS,112,LAL,91,N,sas-vs-lal-0021100917,regular,1,8
1995-12-04,DET,82,DEN,85,N,det-vs-den-0029500225,regular,1,8
1999-05-09,MIN,86,SAS,99,N,min-vs-sas-0049800006,playoffs,1,3
2013-06-14,No Games,-,No Games,-,-,-,-,2,4
2012-11-03,DEN,116,MIA,119,N,den-vs-mia-0021200030,regular,1,3
2022-10-14,BKN,112,MIN,102,N,bkn-vs-min-0012200066,preseason,1,9
2017-08-07,No Games,-,No Games,-,-,-,-,2,9
2009-08-18,No Games,-,No Games,-,-,-,-,2,4
1998-05-13,CHH,84,CHI,93,N,chh-vs-chi-0049700057,playoffs,1,9
2009-11-27,NJN,96,SAC,109,N,njn-vs-sac-0020900233,regular,1,8
2000-04-13,GSW,107,SAC,130,N,gsw-vs-sac-0029901134,regular,1,5
2004-04-04,BOS,102,WAS,112,N,bos-vs-was-0020301108,regular,1,0
1997-02-14,HOU,85,SEA,105,N,hou-vs-sea-0029600714,regular,1,5
2021-11-24,CHA,106,ORL,99,N,cha-vs-orl-0022100269,regular,1,6
2003-05-11,DET,82,PHI,95,N,det-vs-phi-0040200204,playoffs,1,8
1997-12-15,PHI,83,BOS,100,N,phi-vs-bos-0029700314,regular,1,9
2011-05-02,ATL,103,CHI,95,N,atl-vs-chi-0041000201,playoffs,1,0
1997-02-11,NYK,97,WAS,92,N,nyk-vs-was-0029600682,regular,1,5
2023-01-18,IND,106,OKC,126,N,ind-vs-okc-0022200674,regular,1,5
2009-01-02,SAS,91,MEM,80,N,sas-vs-mem-0020800480,regular,1,5
1996-01-22,HOU,96,ATL,105,N,hou-vs-atl-0029500553,regular,1,5
2005-03-18,LAC,96,DEN,115,N,lac-vs-den-0020400967,regular,1,0
2001-04-04,POR,79,MIN,83,N,por-vs-min-0020001079,regular,1,9
2016-02-07,ATL,94,ORL,96,N,atl-vs-orl-0021500771,regular,1,5
1998-03-20,TOR,99,DET,105,N,tor-vs-det-0029700962,regular,1,1
2008-03-16,SEA,116,DEN,168,N,sea-vs-den-0020700989,regular,1,8
2006-02-21,ATL,87,DET,97,N,atl-vs-det-0020500782,regular,1,1
1998-02-11,DAL,90,PHI,91,N,dal-vs-phi-0029700694,regular,1,5
1999-05-01,TOR,96,PHI,103,N,tor-vs-phi-0029800685,regular,1,8
2013-04-21,ATL,90,IND,107,N,atl-vs-ind-0041200121,playoffs,1,5
2022-04-24,PHX,103,NOP,118,N,phx-vs-nop-0042100144,playoffs,1,7
2017-04-09,HOU,135,SAC,128,N,hou-vs-sac-0021601200,regular,1,4
2009-01-31,DAL,111,MIA,96,N,dal-vs-mia-0020800694,regular,1,7
2017-03-21,LAC,133,LAL,109,N,lac-vs-lal-0021601058,regular,1,0
2006-04-17,CHI,116,ORL,112,Y,chi-vs-orl-0020501204,regular,1,0
2023-02-06,SAS,104,CHI,128,N,sas-vs-chi-0022200811,regular,1,7
2015-11-15,POR,94,CHA,106,N,por-vs-cha-0021500147,regular,1,4
2016-03-05,BOS,103,CLE,120,N,bos-vs-cle-0021500922,regular,1,2
2012-12-05,LAL,103,NOH,87,N,lal-vs-noh-0021200263,regular,1,3
2012-12-18,TOR,113,CLE,99,N,tor-vs-cle-0021200357,regular,1,2
2018-12-12,NYK,106,CLE,113,N,nyk-vs-cle-0021800406,regular,1,3
2016-03-25,ORL,97,MIA,108,N,orl-vs-mia-0021501075,regular,1,1
2001-03-07,TOR,85,LAL,97,N,tor-vs-lal-0020000884,regular,1,9
2009-10-28,HOU,108,GSW,107,N,hou-vs-gsw-0020900015,regular,1,6
2010-11-19,OKC,89,BOS,84,N,okc-vs-bos-0021000171,regular,1,9
1996-11-30,NJN,106,LAC,95,Y,njn-vs-lac-0029600217,regular,1,2
2009-04-01,SAC,141,GSW,143,Y,sac-vs-gsw-0020801120,regular,1,5
2003-04-23,ORL,77,DET,89,N,orl-vs-det-0040200102,playoffs,1,2
2011-01-15,TOR,95,WAS,98,N,tor-vs-was-0021000589,regular,1,2
2018-02-06,MEM,82,ATL,108,N,mem-vs-atl-0021700799,regular,1,3
2003-04-01,ORL,105,SAS,118,N,orl-vs-sas-0020201071,regular,1,9
2022-01-28,MIN,124,PHX,134,N,min-vs-phx-0022100743,regular,1,6
2007-01-05,DAL,90,SAS,85,N,dal-vs-sas-0020600484,regular,1,0
2020-12-07,No Games,-,No Games,-,-,-,-,2,8
2004-01-26,SAS,92,MIL,93,N,sas-vs-mil-0020300637,regular,1,5
2009-04-23,BOS,107,CHI,86,N,bos-vs-chi-0040800113,playoffs,1,0
1997-03-28,TOR,86,WAS,113,N,tor-vs-was-0029601017,regular,1,3
2004-02-24,SEA,86,UTA,99,N,sea-vs-uta-0020300822,regular,1,0
2009-11-15,HOU,101,LAL,91,N,hou-vs-lal-0020900146,regular,1,8
2013-01-19,SAS,98,ATL,93,N,sas-vs-atl-0021200594,regular,1,4
2013-01-04,CHI,96,MIA,89,N,chi-vs-mia-0021200481,regular,1,3
2020-12-26,TOR,114,SAS,119,N,tor-vs-sas-0022000027,regular,1,6
2015-10-18,DET,92,SAS,96,N,det-vs-sas-0011500076,preseason,1,2
1999-02-09,BOS,108,MIA,101,N,bos-vs-mia-0029800037,regular,1,6
2000-07-31,No Games,-,No Games,-,-,-,-,2,2
2004-03-23,MIL,112,SAC,101,N,mil-vs-sac-0020301024,regular,1,6
2016-12-03,DEN,98,UTA,105,N,den-vs-uta-0021600297,regular,1,2
2008-05-22,DET,103,BOS,97,N,det-vs-bos-0040700302,playoffs,1,7
2000-01-05,WAS,66,CHI,77,N,was-vs-chi-0029900444,regular,1,9
2003-10-08,HOU,78,SEA,98,N,hou-vs-sea-0010300016,preseason,1,0
2008-11-23,GSW,81,PHI,89,N,gsw-vs-phi-0020800194,regular,1,8
2000-03-28,DEN,111,ATL,116,N,den-vs-atl-0029901013,regular,1,2
2002-02-24,ATL,89,DEN,84,N,atl-vs-den-0020100797,regular,1,6
2015-11-28,LAL,96,POR,108,N,lal-vs-por-0021500244,regular,1,1
2007-02-25,PHX,115,ATL,106,N,phx-vs-atl-0020600833,regular,1,1
2014-01-05,TOR,97,MIA,102,N,tor-vs-mia-0021300500,regular,1,1
2022-12-25,PHI,119,NYK,112,N,phi-vs-nyk-0022200493,regular,1,3
2002-11-15,NJN,93,MIA,84,N,njn-vs-mia-0020200120,regular,1,5
2017-02-01,IND,98,ORL,88,N,ind-vs-orl-0021600730,regular,1,7
1996-11-01,WAS,96,ORL,92,N,was-vs-orl-0029600004,regular,1,7
2007-10-15,NJN,86,CHA,96,N,njn-vs-cha-0010700045,preseason,1,9
2004-07-15,BOS,-,CLE,-,N,bos-vs-cle-0010401016,preseason,2,2
2014-11-21,SAS,121,MIN,92,N,sas-vs-min-0021400177,regular,1,6
2013-02-19,GSW,101,UTA,115,N,gsw-vs-uta-0021200795,regular,1,7
1998-02-10,TOR,86,CHI,93,N,tor-vs-chi-0029700686,regular,1,9
2010-02-10,ORL,107,CHI,87,N,orl-vs-chi-0020900773,regular,1,2
1999-05-01,LAC,93,MIN,103,N,lac-vs-min-0029800687,regular,1,3
2003-02-25,WAS,83,IND,78,N,was-vs-ind-0020200815,regular,1,2
2013-03-15,MEM,80,DEN,87,N,mem-vs-den-0021200977,regular,1,3
2019-03-09,BOS,120,LAL,107,N,bos-vs-lal-0021800989,regular,1,6
2014-02-24,BOS,98,UTA,110,N,bos-vs-uta-0021300845,regular,1,8
1995-04-17,WAS,100,ORL,111,N,was-vs-orl-0029401057,regular,1,9
1995-03-15,MIL,108,IND,117,N,mil-vs-ind-0029400837,regular,1,2
2001-03-16,UTA,87,POR,90,N,uta-vs-por-0020000950,regular,1,1
2000-03-28,TOR,99,CLE,96,N,tor-vs-cle-0029901014,regular,1,4
2016-01-30,DEN,105,IND,109,Y,den-vs-ind-0021500709,regular,1,1
2006-03-08,CHI,101,DET,106,N,chi-vs-det-0020500901,regular,1,4
2007-04-15,PHI,102,DET,91,N,phi-vs-det-0020601201,regular,1,6
2002-10-09,NOH,-,IND,-,N,noh-vs-ind-0010200013,preseason,2,9
2016-12-10,SAC,84,UTA,104,N,sac-vs-uta-0021600354,regular,1,2
2021-01-23,MIA,124,BKN,128,N,mia-vs-bkn-0022000244,regular,1,9
2013-01-05,PHI,86,SAS,109,N,phi-vs-sas-0021200496,regular,1,6
1999-05-01,CHI,101,MIA,86,N,chi-vs-mia-0029800686,regular,1,5
2003-12-23,DAL,88,POR,97,N,dal-vs-por-0020300398,regular,1,4
2018-12-23,LAC,127,GSW,129,N,lac-vs-gsw-0021800494,regular,1,5
1997-01-15,IND,108,LAC,93,N,ind-vs-lac-0029600521,regular,1,4
2011-01-07,MIA,101,MIL,95,Y,mia-vs-mil-0021000532,regular,1,4
2002-09-26,No Games,-,No Games,-,-,-,-,2,5
2005-04-01,SAC,128,CLE,109,N,sac-vs-cle-0020401072,regular,1,8
1997-03-23,POR,94,NYK,88,N,por-vs-nyk-0029600984,regular,1,9
2004-11-03,ATL,82,PHX,112,N,atl-vs-phx-0020400013,regular,1,7
2019-01-16,BKN,145,HOU,142,Y,bkn-vs-hou-0021800659,regular,1,2
2010-03-16,WAS,87,DEN,97,N,was-vs-den-0020901002,regular,1,0
2004-05-14,NJN,127,DET,3120,Y,njn-vs-det-0040300215,playoffs,1,5
1995-12-02,PHX,93,SAN,101,N,phx-vs-san-0029500211,regular,1,6
2010-04-11,OKC,117,GSW,120,N,okc-vs-gsw-0020901200,regular,1,3
2018-11-05,MEM,101,GSW,117,N,mem-vs-gsw-0021800147,regular,1,9
2014-12-03,PHI,85,MIN,77,N,phi-vs-min-0021400270,regular,1,4
2019-10-07,SLA,89,CLE,120,Y,sla-vs-cle-0011900012,preseason,1,1
2000-03-25,WAS,93,DAL,86,N,was-vs-dal-0029900995,regular,1,3
1998-04-25,HOU,90,UTA,105,N,hou-vs-uta-0049700012,playoffs,1,2
2021-03-15,NYK,112,BKN,117,N,nyk-vs-bkn-0022000604,regular,1,7
2011-04-10,OKC,120,LAL,106,N,okc-vs-lal-0021001201,regular,1,1
2007-03-28,CLE,93,NYK,97,N,cle-vs-nyk-0020601063,regular,1,2
2011-01-13,ORL,124,OKC,125,N,orl-vs-okc-0021000574,regular,1,3
2010-02-24,PHI,95,PHX,106,N,phi-vs-phx-0020900853,regular,1,0
1995-07-01,No Games,-,No Games,-,-,-,-,2,3
2006-11-03,NOK,100,IND,91,N,nok-vs-ind-0020600020,regular,1,3
2003-12-26,TOR,94,UTA,97,Y,tor-vs-uta-0020300412,regular,1,0
2009-08-23,No Games,-,No Games,-,-,-,-,2,1
2003-11-29,ATL,86,PHI,98,N,atl-vs-phi-0020300224,regular,1,8
2016-03-13,MIL,109,BKN,100,N,mil-vs-bkn-0021500985,regular,1,2
2007-02-12,LAC,74,DET,92,N,lac-vs-det-0020600765,regular,1,1
2016-12-06,ORL,124,WAS,116,N,orl-vs-was-0021600315,regular,1,2
2023-01-28,SAC,110,MIN,117,N,sac-vs-min-0022200746,regular,1,7
2021-05-09,NYK,106,LAC,100,N,nyk-vs-lac-0022001019,regular,1,8
2015-05-15,GSW,108,MEM,95,N,gsw-vs-mem-0041400226,playoffs,1,3
2007-07-04,No Games,-,No Games,-,-,-,-,2,7
2011-03-28,BOS,100,IND,107,N,bos-vs-ind-0021001097,regular,1,4
2002-12-13,DEN,72,IND,94,N,den-vs-ind-0020200319,regular,1,2
2005-11-05,BOS,105,CHA,107,Y,bos-vs-cha-0020500033,regular,1,8
2021-12-13,MIL,103,BOS,117,N,mil-vs-bos-0022100408,regular,1,2
2021-05-07,MIN,112,MIA,121,N,min-vs-mia-0022001005,regular,1,3
2008-11-14,DET,106,LAL,95,N,det-vs-lal-0020800131,regular,1,6
2012-01-31,SAC,90,GSW,93,N,sac-vs-gsw-0021100314,regular,1,6
2016-02-25,BKN,116,PHX,106,N,bkn-vs-phx-0021500858,regular,1,4
2012-01-17,DET,80,HOU,97,N,det-vs-hou-0021100200,regular,1,8
2008-03-07,SEA,83,PHI,117,N,sea-vs-phi-0020700913,regular,1,9
2019-10-18,LAL,103,GSW,124,Y,lal-vs-gsw-0011900079,preseason,1,0
2013-01-04,SAC,105,TOR,96,N,sac-vs-tor-0021200478,regular,1,5
1996-12-02,HOU,89,TOR,100,N,hou-vs-tor-0029600223,regular,1,6
2008-03-23,GSW,115,LAL,111,N,gsw-vs-lal-0020701043,regular,1,5
2010-11-09,NYK,80,MIL,107,N,nyk-vs-mil-0021000104,regular,1,4
2004-02-22,ATL,121,HOU,3123,Y,atl-vs-hou-0020300809,regular,1,4
2017-05-09,HOU,107,SAS,110,Y,hou-vs-sas-0041600235,playoffs,1,8
2013-11-02,TOR,97,MIL,90,N,tor-vs-mil-0021300037,regular,1,9
2016-06-06,No Games,-,No Games,-,-,-,-,2,3
2000-06-15,No Games,-,No Games,-,-,-,-,2,6
2009-02-24,DAL,76,SAS,93,N,dal-vs-sas-0020800848,regular,1,1
2015-03-01,POR,110,SAC,99,N,por-vs-sac-0021400879,regular,1,1
2001-09-06,No Games,-,No Games,-,-,-,-,2,9
2009-02-08,LAL,101,CLE,91,N,lal-vs-cle-0020800751,regular,1,6
2017-04-14,No Games,-,No Games,-,-,-,-,2,3
1998-04-28,CHH,64,ATL,96,N,chh-vs-atl-0049700020,playoffs,1,2
2006-04-12,BOS,112,IND,117,N,bos-vs-ind-0020501164,regular,1,0
1999-11-30,ATL,107,TOR,89,N,atl-vs-tor-0029900204,regular,1,4
2001-11-08,PHI,72,HOU,77,N,phi-vs-hou-0020100075,regular,1,4
2011-03-22,WAS,76,POR,111,N,was-vs-por-0021001052,regular,1,0
2016-04-08,WAS,99,DET,112,N,was-vs-det-0021501182,regular,1,1
2017-04-05,TOR,105,DET,102,N,tor-vs-det-0021601166,regular,1,9
2006-05-09,DAL,113,SAS,91,N,dal-vs-sas-0040500222,playoffs,1,2
2010-01-15,WAS,119,CHI,2121,Y,was-vs-chi-0020900574,regular,1,7
1995-12-12,MIL,102,WAS,108,N,mil-vs-was-0029500283,regular,1,0
2005-11-12,IND,102,MIL,103,N,ind-vs-mil-0020500087,regular,1,3
2008-12-09,LAL,101,SAC,113,N,lal-vs-sac-0020800313,regular,1,7
2013-11-17,MEM,97,SAC,86,N,mem-vs-sac-0021300148,regular,1,1
2023-01-12,CLE,119,POR,113,N,cle-vs-por-0022200631,regular,1,5
1999-12-25,NYK,90,IND,101,N,nyk-vs-ind-0029900378,regular,1,3
2013-04-17,CLE,98,CHA,105,N,cle-vs-cha-0021201219,regular,1,0
1998-04-19,UTA,98,LAL,102,N,uta-vs-lal-0029701187,regular,1,5
2010-06-15,BOS,67,LAL,89,N,bos-vs-lal-0040900406,playoffs,1,8
2007-04-13,WAS,98,ATL,85,N,was-vs-atl-0020601178,regular,1,6
2015-10-31,SAC,109,LAC,114,N,sac-vs-lac-0021500038,regular,1,2
2008-10-13,OKC,110,HOU,104,N,okc-vs-hou-0010800045,preseason,1,0
2016-12-23,DAL,90,LAC,88,N,dal-vs-lac-0021600455,regular,1,8
2001-01-05,GSW,100,BOS,88,N,gsw-vs-bos-0020000465,regular,1,0
2003-10-14,SAS,98,MIA,99,N,sas-vs-mia-0010300049,preseason,2,1
2001-03-05,DET,84,MIA,87,N,det-vs-mia-0020000863,regular,1,4
2003-12-03,IND,95,POR,97,Y,ind-vs-por-0020300253,regular,1,1
2001-10-12,ORL,-,CHH,-,N,orl-vs-chh-0010100025,preseason,2,4
2017-12-04,MIL,100,BOS,111,N,mil-vs-bos-0021700343,regular,1,2
2021-05-27,DEN,120,POR,115,N,den-vs-por-0042000163,playoffs,1,2
1999-04-08,POR,86,SEA,87,N,por-vs-sea-0029800502,regular,1,5
2004-09-15,No Games,-,No Games,-,-,-,-,2,2
2009-03-07,CHA,114,NYK,105,N,cha-vs-nyk-0020800929,regular,1,2
2007-06-08,No Games,-,No Games,-,-,-,-,2,1
1999-04-18,HOU,83,SAS,86,N,hou-vs-sas-0029800582,regular,1,4
2011-04-06,NJN,109,DET,116,N,njn-vs-det-0021001167,regular,1,3
1997-04-12,VAN,96,DAL,85,N,van-vs-dal-0029601129,regular,1,4
2004-02-07,NYK,76,MIA,64,N,nyk-vs-mia-0020300722,regular,1,9
1997-11-07,ORL,89,DET,84,N,orl-vs-det-0029700058,regular,1,5
2009-05-23,LAL,103,DEN,97,N,lal-vs-den-0040800313,playoffs,1,3
2010-03-24,DEN,99,BOS,113,N,den-vs-bos-0020901058,regular,1,2
2022-03-25,PHI,122,LAC,97,N,phi-vs-lac-0022101106,regular,1,1
2009-02-23,IND,119,NYK,123,N,ind-vs-nyk-0020800837,regular,1,0
2014-03-03,MIN,132,DEN,128,N,min-vs-den-0021300895,regular,1,8
1998-01-13,SEA,91,CHI,101,N,sea-vs-chi-0029700511,regular,1,3
2013-02-02,OKC,110,CLE,115,N,okc-vs-cle-0021200698,regular,1,1
2018-01-02,ATL,103,PHX,104,N,atl-vs-phx-0021700551,regular,1,2
2022-11-15,NYK,118,UTA,111,N,nyk-vs-uta-0022200208,regular,1,0
2001-03-13,NJN,98,DAL,122,N,njn-vs-dal-0020000922,regular,1,7
1999-05-16,NYK,78,MIA,77,N,nyk-vs-mia-0049800033,playoffs,1,8
2021-03-01,CHA,111,POR,123,N,cha-vs-por-0022000535,regular,1,6
2014-07-02,No Games,-,No Games,-,-,-,-,2,5
2000-03-25,CHH,86,ATL,70,N,chh-vs-atl-0029900994,regular,1,4
2003-10-31,MIN,61,NJN,84,N,min-vs-njn-0020300022,regular,1,4
1997-01-14,IND,98,SAC,105,Y,ind-vs-sac-0029600514,regular,1,7
1997-10-30,No Games,-,No Games,-,-,-,-,2,5
2007-12-15,PHI,92,CLE,86,N,phi-vs-cle-0020700344,regular,1,9
2011-08-01,No Games,-,No Games,-,-,-,-,2,5
1998-03-14,POR,82,DEN,92,N,por-vs-den-0029700918,regular,1,0
2005-03-13,SEA,90,NYK,80,N,sea-vs-nyk-0020400925,regular,1,3
2016-12-18,BOS,105,MIA,95,N,bos-vs-mia-0021600410,regular,1,8
2002-05-14,BOS,90,DET,81,N,bos-vs-det-0040100215,playoffs,1,5
2013-05-24,IND,97,MIA,93,N,ind-vs-mia-0041200302,playoffs,1,4
2019-10-08,SAS,89,MIA,107,Y,sas-vs-mia-0011900019,preseason,1,4
2009-02-25,UTA,120,MIN,103,N,uta-vs-min-0020800854,regular,1,7
2000-03-22,SAC,93,PHX,114,N,sac-vs-phx-0029900976,regular,1,5
2000-11-30,LAL,88,SEA,121,N,lal-vs-sea-0020000222,regular,1,9
1996-01-03,IND,110,LAC,94,N,ind-vs-lac-0029500424,regular,1,0
1995-11-29,PHX,96,LAL,107,N,phx-vs-lal-0029500189,regular,1,8
2003-04-06,NJN,96,TOR,87,N,njn-vs-tor-0020201106,regular,1,6
2000-05-09,NYK,82,MIA,76,N,nyk-vs-mia-0049900042,playoffs,1,5
2001-12-21,DEN,74,SAS,109,N,den-vs-sas-0020100368,regular,1,8
1996-12-03,IND,98,POR,93,Y,ind-vs-por-0029600233,regular,1,4
1997-04-01,LAC,87,MIA,97,N,lac-vs-mia-0029601039,regular,1,2
2017-03-06,BKN,122,MEM,109,N,bkn-vs-mem-0021600939,regular,1,4
1998-04-09,CHI,85,CLE,91,N,chi-vs-cle-0029701109,regular,1,3
2015-11-16,BOS,111,HOU,95,N,bos-vs-hou-0021500154,regular,1,3
2008-12-15,IND,118,WAS,98,N,ind-vs-was-0020800353,regular,1,3
2001-03-09,TOR,110,SEA,99,N,tor-vs-sea-0020000898,regular,1,4
2005-05-27,No Games,-,No Games,-,-,-,-,2,7
2021-02-08,CLE,113,PHX,119,N,cle-vs-phx-0022000372,regular,1,2
2013-10-21,NYK,120,TOR,2123,Y,nyk-vs-tor-0011300084,preseason,1,9
2015-03-18,ORL,102,DAL,107,N,orl-vs-dal-0021401012,regular,1,4
1999-04-13,NJN,101,LAC,109,N,njn-vs-lac-0029800540,regular,1,5
2005-12-07,PHX,118,GSW,110,N,phx-vs-gsw-0020500267,regular,1,0
2002-12-15,NOH,92,SAC,107,N,noh-vs-sac-0020200340,regular,1,7
2003-10-29,DAL,95,GSW,87,N,dal-vs-gsw-0020300013,regular,1,6
1999-12-10,DEN,99,CHH,106,N,den-vs-chh-0029900274,regular,1,2
